# id	layer	category	key	action	description
karabiner.super	Karabiner	Super	Right Cmd	super-modifier	Hold the global Super modifier
karabiner.arrow.left	Karabiner	Fn	Fn-h	left-arrow	Move left with a physical arrow equivalent
karabiner.arrow.down	Karabiner	Fn	Fn-j	down-arrow	Move down with a physical arrow equivalent
karabiner.arrow.up	Karabiner	Fn	Fn-k	up-arrow	Move up with a physical arrow equivalent
karabiner.arrow.right	Karabiner	Fn	Fn-l	right-arrow	Move right with a physical arrow equivalent
aerospace.focus.left	AeroSpace	Super	Super-h	focus-left	Focus the window to the left
aerospace.focus.down	AeroSpace	Super	Super-j	focus-down	Focus the window below
aerospace.focus.up	AeroSpace	Super	Super-k	focus-up	Focus the window above
aerospace.focus.right	AeroSpace	Super	Super-l	focus-right	Focus the window to the right
aerospace.move.left	AeroSpace	Super	Super-Shift-h	move-left	Move the window left
aerospace.move.down	AeroSpace	Super	Super-Shift-j	move-down	Move the window down
aerospace.move.up	AeroSpace	Super	Super-Shift-k	move-up	Move the window up
aerospace.move.right	AeroSpace	Super	Super-Shift-l	move-right	Move the window right
aerospace.workspace.web	AeroSpace	Super	Super-a	workspace-web	Switch to the web workspace
aerospace.workspace.term	AeroSpace	Super	Super-s	workspace-term	Switch to the terminal workspace
aerospace.workspace.notes	AeroSpace	Super	Super-d	workspace-notes	Switch to the notes workspace
aerospace.workspace.docs	AeroSpace	Super	Super-f	workspace-docs	Switch to the documents workspace
aerospace.workspace.chat	AeroSpace	Super	Super-g	workspace-chat	Switch to the chat workspace
aerospace.workspace.media	AeroSpace	Super	Super-;	workspace-media	Switch to the media workspace
aerospace.workspace.uni	AeroSpace	Super	Super-n	workspace-uni	Switch to the university workspace
aerospace.workspace.org	AeroSpace	Super	Super-,	workspace-org	Switch to the organization workspace
aerospace.workspace.misc	AeroSpace	Super	Super-m	workspace-misc	Switch to the workspace for otherwise unassigned apps
aerospace.window.to-workspace-web	AeroSpace	Super	Super-Shift-a	move-to-workspace-web	Move the window to the web workspace
aerospace.window.to-workspace-term	AeroSpace	Super	Super-Shift-s	move-to-workspace-term	Move the window to the terminal workspace
aerospace.window.to-workspace-notes	AeroSpace	Super	Super-Shift-d	move-to-workspace-notes	Move the window to the notes workspace
aerospace.window.to-workspace-docs	AeroSpace	Super	Super-Shift-f	move-to-workspace-docs	Move the window to the documents workspace
aerospace.window.to-workspace-chat	AeroSpace	Super	Super-Shift-g	move-to-workspace-chat	Move the window to the chat workspace
aerospace.window.to-workspace-media	AeroSpace	Super	Super-Shift-;	move-to-workspace-media	Move the window to the media workspace
aerospace.window.to-workspace-uni	AeroSpace	Super	Super-Shift-n	move-to-workspace-uni	Move the window to the university workspace
aerospace.window.to-workspace-org	AeroSpace	Super	Super-Shift-,	move-to-workspace-org	Move the window to the organization workspace
aerospace.window.to-workspace-misc	AeroSpace	Super	Super-Shift-m	move-to-workspace-misc	Move the window to the miscellaneous workspace
aerospace.monitor.focus-next	AeroSpace	Super	Super-Tab	focus-next-monitor	Focus the other display without moving anything
aerospace.monitor.swap-windows	AeroSpace	Super	Super-Shift-Tab	swap-monitor-windows	Swap the focused window with the other display while keeping both workspaces in place
aerospace.monitor.move-workspace-next	AeroSpace	Super	Super-q	move-workspace-next-monitor	Move the current workspace to the other display without swapping
aerospace.layout.toggle	AeroSpace	Super	Super-w	toggle-layout	Toggle full-window accordion and side-by-side tiles
aerospace.reset	AeroSpace	Super	Super-r	reset-workspaces	Route every app home and restore full-window accordion layouts
aerospace.app.terminal	AeroSpace	Super	Super-Enter	open-terminal	Open a new Ghostty window
aerospace.app.launcher	AeroSpace	Super	Super-Space	open-launcher	Open Raycast
aerospace.app.browser	AeroSpace	Super	Super-b	open-browser	Open Helium
aerospace.app.notes	AeroSpace	Super	Super-o	open-notes	Open Notion
ghostty.escape	Ghostty	Command	Cmd-a	escape	Leave the current editing mode
herdr.tab.previous	Herdr	Command	Cmd-h	previous-tab	Select the previous tab
herdr.tab.next	Herdr	Command	Cmd-l	next-tab	Select the next tab
herdr.tab.move-left	Herdr	Command	Cmd-Shift-h	move-tab-previous	Move the current tab left
herdr.tab.move-right	Herdr	Command	Cmd-Shift-l	move-tab-next	Move the current tab right
herdr.tab.rename	Herdr	Command	Cmd-r	rename-tab	Rename the current tab
herdr.pane.split-right	Herdr	Command	Cmd-b	split-right	Create a pane on the right
herdr.pane.split-down	Herdr	Command	Cmd-n	split-down	Create a pane below
herdr.agent.toggle	Herdr	Command	Cmd-g	agent-tab	Create or focus the full-size Codex tab
herdr.pane.close	Herdr	Command	Cmd-w	close-pane	Close the current pane
herdr.tab.new	Herdr	Command	Cmd-t	new-tab	Create a tab in the current workspace
herdr.copy-mode.enter	Herdr	Command	Cmd-Shift-u	copy-mode	Enter keyboard copy mode
herdr.workspace.previous	Herdr	Control	Ctrl-h	previous-workspace	Switch to the previous workspace
herdr.workspace.next	Herdr	Control	Ctrl-l	next-workspace	Switch to the next workspace
herdr.pane.left	Herdr	Alt	Alt-h	select-left	Focus the pane to the left
herdr.pane.down	Herdr	Alt	Alt-j	select-down	Focus the pane below
herdr.pane.up	Herdr	Alt	Alt-k	select-up	Focus the pane above
herdr.pane.right	Herdr	Alt	Alt-l	select-right	Focus the pane to the right
herdr.pane.resize-left	Herdr	Alt	Alt-Shift-h	resize-left	Resize the pane left
herdr.pane.resize-down	Herdr	Alt	Alt-Shift-j	resize-down	Resize the pane down
herdr.pane.resize-up	Herdr	Alt	Alt-Shift-k	resize-up	Resize the pane up
herdr.pane.resize-right	Herdr	Alt	Alt-Shift-l	resize-right	Resize the pane right
herdr.admin.new-tab	Herdr	Ctrl-Space	c	new-tab	Create a tab in the current workspace
herdr.admin.previous-tab	Herdr	Ctrl-Space	p	previous-tab	Select the previous tab
herdr.admin.next-tab	Herdr	Ctrl-Space	n	next-tab	Select the next tab
herdr.admin.rename-tab	Herdr	Ctrl-Space	Shift-t	rename-tab	Rename the current tab
herdr.admin.move-tab-left	Herdr	Ctrl-Space	Alt-Left	move-tab-left	Move the current tab left
herdr.admin.move-tab-right	Herdr	Ctrl-Space	Alt-Right	move-tab-right	Move the current tab right
herdr.admin.switch-tab	Herdr	Ctrl-Space	1..9	switch-tab	Switch directly to tab 1-9
herdr.admin.close-tab	Herdr	Ctrl-Space	Shift-x	close-tab	Close the current tab
herdr.admin.new-workspace	Herdr	Ctrl-Space	Shift-n	new-workspace	Create and switch to a named workspace
herdr.admin.workspaces	Herdr	Ctrl-Space	w	workspace-picker	Navigate workspaces
herdr.admin.goto	Herdr	Ctrl-Space	g	goto	Search workspaces, tabs, panes, and agents
herdr.admin.new-worktree	Herdr	Ctrl-Space	Shift-g	new-worktree	Create a Git worktree
herdr.admin.open-worktree	Herdr	Ctrl-Space	Shift-o	open-worktree	Open an existing Git worktree
herdr.admin.remove-worktree	Herdr	Ctrl-Space	Alt-x	remove-worktree	Remove a managed Git worktree after confirmation
herdr.admin.rename-workspace	Herdr	Ctrl-Space	Shift-w	rename-workspace	Rename the current workspace
herdr.admin.close-workspace	Herdr	Ctrl-Space	Shift-d	close-workspace	Close the current workspace after confirmation
herdr.admin.previous-workspace	Herdr	Ctrl-Space	Shift-Left	previous-workspace	Switch to the previous workspace
herdr.admin.next-workspace	Herdr	Ctrl-Space	Shift-Right	next-workspace	Switch to the next workspace
herdr.admin.switch-workspace	Herdr	Ctrl-Space	Shift-1..9	switch-workspace	Switch directly to workspace 1-9
herdr.admin.previous-agent	Herdr	Ctrl-Space	[	previous-agent	Focus the previous agent
herdr.admin.next-agent	Herdr	Ctrl-Space	]	next-agent	Focus the next agent
herdr.admin.focus-agent	Herdr	Ctrl-Space	Alt-1..9	focus-agent	Focus agent 1-9
herdr.admin.split-right	Herdr	Ctrl-Space	v	split-right	Create a pane on the right
herdr.admin.split-down	Herdr	Ctrl-Space	-	split-down	Create a pane below
herdr.admin.close-pane	Herdr	Ctrl-Space	x	close-pane	Close the current pane
herdr.admin.rename-pane	Herdr	Ctrl-Space	Shift-p	rename-pane	Rename the current pane
herdr.admin.edit-scrollback	Herdr	Ctrl-Space	e	edit-scrollback	Open pane scrollback in the editor
herdr.admin.copy-mode	Herdr	Ctrl-Space	u	copy-mode	Enter keyboard copy mode
herdr.admin.pane-left	Herdr	Ctrl-Space	h	pane-left	Focus the pane to the left
herdr.admin.pane-down	Herdr	Ctrl-Space	j	pane-down	Focus the pane below
herdr.admin.pane-up	Herdr	Ctrl-Space	k	pane-up	Focus the pane above
herdr.admin.pane-right	Herdr	Ctrl-Space	l	pane-right	Focus the pane to the right
herdr.admin.swap-left	Herdr	Ctrl-Space	Shift-h	swap-left	Swap the current pane left
herdr.admin.swap-down	Herdr	Ctrl-Space	Shift-j	swap-down	Swap the current pane down
herdr.admin.swap-up	Herdr	Ctrl-Space	Shift-k	swap-up	Swap the current pane up
herdr.admin.swap-right	Herdr	Ctrl-Space	Shift-l	swap-right	Swap the current pane right
herdr.admin.cycle-pane-next	Herdr	Ctrl-Space	Tab	cycle-pane-next	Cycle to the next pane
herdr.admin.cycle-pane-previous	Herdr	Ctrl-Space	Shift-Tab	cycle-pane-previous	Cycle to the previous pane
herdr.admin.last-pane	Herdr	Ctrl-Space	Backspace	last-pane	Return to the last focused pane
herdr.admin.zoom-pane	Herdr	Ctrl-Space	z	zoom-pane	Toggle pane zoom
herdr.admin.resize-mode	Herdr	Ctrl-Space	r	resize-mode	Enter pane resize mode
herdr.admin.toggle-sidebar	Herdr	Ctrl-Space	b	toggle-sidebar	Toggle the sidebar
herdr.admin.settings	Herdr	Ctrl-Space	,	settings	Open Herdr settings
herdr.admin.notification	Herdr	Ctrl-Space	o	open-notification	Open the current notification target
herdr.admin.detach	Herdr	Ctrl-Space	d	detach	Detach the Herdr client
herdr.admin.reload	Herdr	Ctrl-Space	Shift-r	reload	Reload Herdr configuration
herdr.admin.help	Herdr	Ctrl-Space	?	keymap-help	Open searchable keymap help
nvim.file.save	Neovim	Space	Space Space	save	Save the current file
nvim.file.oil	Neovim	Space	Space e	oil	Open Oil file browser
nvim.file.parent	Neovim	Direct	-	oil-parent	Open the parent directory in Oil
nvim.find.files	Neovim	Space	Space f f	find-files	Find files
nvim.find.anywhere	Neovim	Space	Space f a	find-anywhere	Find files or projects across working roots
nvim.find.buffers	Neovim	Space	Space f b	find-buffers	Find open buffers
nvim.find.recent	Neovim	Space	Space f r	recent-files	Find recent files
nvim.find.help	Neovim	Space	Space f h	help-tags	Search Neovim help
nvim.git.status	Neovim	Space	Space g s	git-status	Open Git status picker
nvim.git.blame	Neovim	Space	Space g b	git-blame	Show line blame
nvim.git.diff	Neovim	Space	Space g d	git-diff	Diff the current file
nvim.git.next-hunk	Neovim	Space	Space g n	next-hunk	Go to next Git hunk
nvim.git.prev-hunk	Neovim	Space	Space g p	previous-hunk	Go to previous Git hunk
nvim.language.rename	Neovim	Space	Space l r	rename	Rename symbol
nvim.language.action	Neovim	Space	Space l a	code-action	Open code actions
nvim.language.diagnostics	Neovim	Space	Space l d	diagnostics	Search workspace diagnostics
nvim.language.format	Neovim	Space	Space l f	format	Format the current buffer
nvim.buffer.next	Neovim	Space	Space b l	next-buffer	Select next buffer
nvim.buffer.previous	Neovim	Space	Space b h	previous-buffer	Select previous buffer
nvim.buffer.delete	Neovim	Space	Space b d	delete-buffer	Delete current buffer
nvim.quit.buffer	Neovim	Space	Space q q	quit	Close the current window
nvim.quit.all	Neovim	Space	Space q a	quit-all	Quit Neovim
nvim.help.keys	Neovim	Space	Space ?	keymap-help	Open keymap help
nvim.motion.line-start	Neovim	Direct	H	line-start	Move to first nonblank character
nvim.motion.line-end	Neovim	Direct	L	line-end	Move to end of line
nvim.edit.redo	Neovim	Direct	U	redo	Redo the last change
nvim.visual.move-down	Neovim	Direct	J	move-selection-down	Move selected lines down
nvim.visual.move-up	Neovim	Direct	K	move-selection-up	Move selected lines up
